ppid,session_num,trial_num,block_num,trial_num_in_block,start_time,end_time
P_180504124859,1,1,1,1,7.870699,7.955012
P_180504124859,1,2,1,2,7.955012,7.972604
P_180504124859,1,3,1,3,7.972604,7.988722
P_180504124859,1,4,1,4,7.988722,8.005566
P_180504124859,1,5,1,5,8.005566,8.022408
P_180504124859,1,6,2,1,8.022408,8.039357
P_180504124859,1,7,2,2,8.039357,8.056484
P_180504124859,1,8,2,3,8.056484,8.072964
P_180504124859,1,9,2,4,8.072964,8.089812
P_180504124859,1,10,2,5,8.089812,8.106661
P_180504124859,1,11,2,6,8.106661,8.123511
P_180504124859,1,12,2,7,8.123511,8.140358
P_180504124859,1,13,2,8,8.140358,8.157209
P_180504124859,1,14,2,9,8.157209,8.174059
P_180504124859,1,15,2,10,8.174059,8.190909
