ppid,session_num,trial_num,block_num,trial_num_in_block,start_time,end_time
P_180503165757,1,1,1,1,11.02883,11.11476
P_180503165757,1,2,1,2,11.11476,11.21071
P_180503165757,1,3,1,3,11.21071,11.22756
P_180503165757,1,4,1,4,11.22756,11.24441
P_180503165757,1,5,1,5,11.24441,11.26126
P_180503165757,1,6,2,1,11.26126,11.27811
P_180503165757,1,7,2,2,11.27811,11.31861
P_180503165757,1,8,2,3,11.31861,11.35306
P_180503165757,1,9,2,4,11.35306,11.37003
P_180503165757,1,10,2,5,11.37003,11.38676
P_180503165757,1,11,2,6,11.38676,11.40366
P_180503165757,1,12,2,7,11.40366,11.42046
P_180503165757,1,13,2,8,11.42046,11.4539
P_180503165757,1,14,2,9,11.4539,11.50012
P_180503165757,1,15,2,10,11.50012,11.51698
