ppid,session_num,trial_num,block_num,trial_num_in_block,start_time,end_time
P_180504125647,1,1,1,1,26.28109,26.44693
P_180504125647,1,2,1,2,26.44693,26.47263
P_180504125647,1,3,1,3,26.47263,26.48968
P_180504125647,1,4,1,4,26.48968,26.50634
P_180504125647,1,5,1,5,26.50634,26.52319
P_180504125647,1,6,2,1,26.52319,26.55989
P_180504125647,1,7,2,2,26.55989,26.57675
P_180504125647,1,8,2,3,26.57675,26.59387
P_180504125647,1,9,2,4,26.59387,26.61088
P_180504125647,1,10,2,5,26.61088,26.62729
P_180504125647,1,11,2,6,26.62729,26.64414
P_180504125647,1,12,2,7,26.64414,26.66112
P_180504125647,1,13,2,8,26.66112,26.6819
P_180504125647,1,14,2,9,26.6819,26.6992
P_180504125647,1,15,2,10,26.6992,26.71561
