ppid,session_num,trial_num,block_num,trial_num_in_block,start_time,end_time
P_180504123002,1,1,1,1,7.364729,7.482195
P_180504123002,1,2,1,2,7.482195,7.52472
P_180504123002,1,3,1,3,7.52472,7.541583
P_180504123002,1,4,1,4,7.541583,7.558423
P_180504123002,1,5,1,5,7.558423,7.575597
P_180504123002,1,6,2,1,7.575597,7.592401
P_180504123002,1,7,2,2,7.592401,7.609484
P_180504123002,1,8,2,3,7.609484,7.625823
P_180504123002,1,9,2,4,7.625823,7.64289
P_180504123002,1,10,2,5,7.64289,7.659668
P_180504123002,1,11,2,6,7.659668,7.676836
P_180504123002,1,12,2,7,7.676836,7.693216
P_180504123002,1,13,2,8,7.693216,7.710356
P_180504123002,1,14,2,9,7.710356,7.727214
P_180504123002,1,15,2,10,7.727214,7.744064
